agents, 1, 2, 3, 4, 5, 
expectation, 0.000000, 1.000000, 4.000000, 7.588001, 11.703007, 
states, 1, 2, 4, 13, 68, 
time, 0.000000, 0.000000, 0.085320, 0.029549, 0.169386, 