agents, 3, 4, 5, 6, 
expectation, 4.000000, 7.588001, 11.703007, 16.186623, 
states, 4, 13, 68, 775, 
time, 0.000278, 0.000666, 0.005478, 0.059582, 