agents, 3, 4, 5, 6, 7, 
expectation, 4.000000, 7.588001, 11.703007, 16.186623, 20.966995, 
states, 4, 13, 68, 775, 17489, 
time, 0.000413, 0.001106, 0.006499, 0.093512, 10.166919, 