agents, 1, 2, 3, 4, 
expectation, 0.000000, 1.000000, 4.000000, 7.588001, 
unordered tuples, 1, 2, 4, 13, 
time, 0.000000, 0.000000, 0.000380, 0.000699, 