agents, 1, 2, 3, 4, 5, 
expectation, 0.000000, 1.000000, 6.000000, 53.752007, 2493.216553, 
unordered tuples, 1, 2, 4, 13, 68, 
ordered tuples, 1, 2, 4, 13, 68, 
time, 0.000000, 0.000000, 0.000694, 0.001676, 0.010848, 