agents, 3, 4, 5, 6, 
expectation, 4.000000, 7.588001, 11.703007, 16.186623, 
states, 4, 13, 68, 775, 
time, 0.000262, 0.000724, 0.006355, 0.091896, 