agents, 3, 4, 5, 6, 7, 
expectation, 0.000000, 0.000000, 0.000000, 0.000000, 0.000000, 
states, 1, 1, 1, 1, 1, 
time, 0.000086, 0.000011, 0.000013, 0.000013, 0.000018, 