agents, 3, 4, 5, 6, 7, 
expectation, 3.000000, 5.261905, 7.860293, 10.711013, 13.770600, 
states, 4, 15, 97, 1551, 49046, 
time, 0.000200, 0.000372, 0.004457, 0.118567, 56.262550, 