agents, 3, 4, 5, 6, 
expectation, 3.000000, 5.261905, 7.860293, 10.711013, 
states, 4, 15, 97, 1551, 
time, 0.000166, 0.000528, 0.005095, 0.137613, 