agents, 3, 4, 5, 6, 
expectation, 3.000000, 5.261905, 7.860293, 10.711013, 
states, 4, 15, 97, 1551, 
time, 0.000122, 0.000452, 0.004801, 0.133717, 