agents, 3, 4, 5, 6, 
expectation, 3.000000, 5.261905, 7.860293, 10.711013, 
states, 4, 15, 97, 1551, 
time, 0.000118, 0.000400, 0.004434, 0.125572, 