agents, 1, 2, 3, 4, 
expectation, 0.000000, 1.000000, 17.000000, 1234.000000, 
coloured ordered tuples, 1, 2, 4, 17, 
ordered tuples, 1, 2, 3, 8, 
time, 0.000000, 0.000000, 0.000543, 0.001357, 