agents, 1, 2, 3, 4, 5, 
expectation, 0.000000, 1.000000, nan, nan, nan, 
coloured ordered tuples, 1, 2, 6, 35, 639, 
ordered tuples, 1, 2, 4, 16, 110, 
time, 0.000000, 0.000000, 0.000648, 0.003002, 0.085020, 
