agents, 1, 2, 3, 4, 
expectation, 0.000000, 1.000000, 13.000000, 532.000000, 
coloured ordered tuples, 1, 2, 3, 14, 
ordered tuples, 1, 2, 3, 8, 
time, 0.000000, 0.000000, 0.000638, 0.001516, 