agents, 1, 2, 3, 4, 5, 
expectation, 0.000000, 1.000000, 4.111111, nan, 10.077964, 
coloured ordered tuples, 1, 2, 5, 36, 571, 
ordered tuples, 1, 2, 4, 16, 109, 
time, 0.000000, 0.000000, 0.000646, 0.002747, 0.073793, 
