agents, 1, 2, 3, 4, 
expectation, 0.000000, 1.000000, 25.000000, 7453.000000, 
coloured ordered tuples, 1, 2, 5, 26, 
ordered tuples, 1, 2, 4, 15, 
time, 0.000000, 0.000000, 0.000413, 0.001272, 