agents, 1, 2, 3, 4, 5, 
expectation, 0.000000, 1.000000, 3.000000, 5.400000, 8.503439, 
weigthed graphs, 1, 2, 4, 66, 40300, 
time, 0.000000, 0.000000, 0.000295, 0.001333, 27.929108, 
