agents, 1, 2, 3, 4, 5, 
expectation, 0.000000, 1.000000, 3.000000, 5.400000, 8.503439, 
weighted graphs, 1, 2, 4, 66, 40300, 
ordered tuples, 1, 2, 4, 15, 97, 
time, 0.000000, 0.000000, 0.000217, 0.001421, 14.212673, 